RCN;PGA
844;FP7-JRC
845;FP7-IDEAS-ERC
846;FP7-COOPERATION
847;FP7-CAPACITIES
848;FP7-PEOPLE
849;FP7-EURATOM-JRC
850;I2010
854;FP7-NMP
851;FP7-KBBE
858;FP7-LEGALFINANCIAL
859;FP7-INFRASTRUCTURES
860;FP7-REGIONS
861;FP7-SECURITY
862;FP7-SME
863;FP7-SPACE
864;FP7-SSH
865;FP7-INCO
866;FP7-SIS
857;FP7-TRANSPORT
837;FP7
856;FP7-ENERGY
855;FP7-ENVIRONMENT
852;FP7-HEALTH
853;FP7-ICT
839;FP7-EURATOM
867;FP7-EURATOM-FUSION
868;FP7-EURATOM-FISSION
870;FP7-JTI
869;FP7-COORDINATION
884;FP7-ART 169
886;FP7-REGPOT
887;FP7-ART 185 (EX 169)
891;FP7-GA
892;FP7-COH
